duration,protocoltype,service,flag,srcbytes,dstbytes,wrongfragment,hot,loggedin,numcompromised,rootshell,suattempted,numfilecreations,numshells,numaccessfiles,ishostlogin,isguestlogin,count,srvcount,serrorrate,rerrorrate,samesrvrate,diffsrvrate,srvdiffhostrate,dsthostcount,dsthostsrvcount,dsthostsamesrvrate,dsthostdiffsrvrate,dsthostsamesrcportrate,dsthostsrvdiffhostrate,dsthostrerrorrate,lastflag,attack
0,tcp,private,REJ,0,0,0,0,0,0,0,0,0,0,0,0,0,229,10,0.0,1.0,0.04,0.06,0.0,255,10,0.04,0.06,0.0,0.0,1.0,21,neptune
0,tcp,private,REJ,0,0,0,0,0,0,0,0,0,0,0,0,0,136,1,0.0,1.0,0.01,0.06,0.0,255,1,0.0,0.06,0.0,0.0,1.0,21,neptune
2,tcp,ftp_data,SF,12983,0,0,0,0,0,0,0,0,0,0,0,0,1,1,0.0,0.0,1.0,0.0,0.0,134,86,0.61,0.04,0.61,0.02,0.0,21,normal
0,icmp,eco_i,SF,20,0,0,0,0,0,0,0,0,0,0,0,0,1,65,0.0,0.0,1.0,0.0,1.0,3,57,1.0,0.0,1.0,0.28,0.0,15,nmap
1,tcp,telnet,RSTO,0,15,0,0,0,0,0,0,0,0,0,0,0,1,8,0.0,1.0,1.0,0.0,0.75,29,86,0.31,0.17,0.03,0.02,0.83,11,mscan
